Thí nghiệm,Model / Kiến trúc,Thay đổi so với HiFi-GAN baseline,Run directory,Checkpoint / Epoch,Test set (file),WER (mean) ↓,UTMOSv2 (mean) ↑,UTMOS22 (mean) ↑,RTF (mean, CPU) ↓,Size (Generator params),Ghi chú
EXP-01,HiFi-GAN baseline (resblock=2),Không đổi - baseline gốc,baseline_v2_noclip,epoch=493 (val_loss_mel=20.3598),eval_true_testset_500.json,0.1169,3.394,3.884,0.0632,Chưa đo,Checkpoint giữa chừng (grad-clip=1.0 đã bật từ epoch 89 dù tên run là "noclip" - tên gây hiểu lầm)
EXP-02,HiFi-GAN baseline (resblock=2) - BEST,Không đổi - baseline gốc,baseline_v2_noclip,"epoch=1489/1500 (val_loss_mel=19.7882), hội tụ đầy đủ",eval_true_testset_500_baseline.json (qua run_both_best_evals.log),0.1197,3.139,3.986,0.0431,Chưa đo,"Dùng làm mốc so sánh chính (""baseline"") cho toàn bộ các thí nghiệm khác trong session này"
EXP-03,HiFi-GAN + SnakeBeta + MRD + grad-clip,+SnakeBeta activation +MultiResolutionDiscriminator (MRD) +gradient_clip_val=1.0,overnight_gradclip_test,"last.ckpt, ~epoch=2041 (resume từ overnight_run_full epoch=1992)",eval_true_testset_500_overnight.json,0.0916,3.431,4.034,0.0623,Chưa đo,"Nhãn trong log bị lỗi copy-paste (in nhầm ""overnight_run_full""), đã đối chiếu CKPT thực tế để xác định đúng run. devices=1 (khác các run khác dùng 2 GPU)"
EXP-04,HiFi-GAN + SnakeBeta + MRD (không grad-clip),+SnakeBeta activation +MRD (KHÔNG grad-clip - đối chứng với EXP-03),overnight_snakebeta_test,"last.ckpt, ~epoch=2041 (resume từ checkpoint SnakeBeta-converted của overnight_run_full)",eval_true_testset_500_overnight.json,0.1031,3.631,4.150,0.0559,Chưa đo,"Nhãn trong log cũng bị lỗi copy-paste tương tự EXP-03. So EXP-03 vs EXP-04: bỏ grad-clip cho UTMOS/WER tốt hơn nhẹ nhưng RTF cũng nhanh hơn - lưu ý grad-clip không nên ảnh hưởng RTF (có thể do nhiễu đo)"
EXP-05,HiFi-GAN + SnakeBeta + MRD + BigVGAN (full AMP),+SnakeBeta +MRD +BigVGAN Anti-Aliased Multi-Periodicity (AMP) activation,overnight_run_full,"best-epoch=1992/2000 (val_loss_mel=18.9497), hội tụ đầy đủ",eval_true_testset_500_overnight.json,0.0935,3.554,4.066,0.0644,Chưa đo,UTMOS/WER tốt nhất trong nhóm HiFi-GAN-family (time-domain) nhưng RTF chậm hơn Vocos rất nhiều (xem EXP-06..09)
EXP-06,Vocos (small: dim=160/intermediate=480) - BEST,Thay HiFi-GAN time-domain generator bằng Vocos (ConvNeXt backbone + ISTFT head),vocos_small_run_v5_fixed,"epoch=1274/1500 (val_loss_mel=19.4528), hội tụ đầy đủ",eval_true_testset_500_baseline.json (qua run_both_best_evals.log),0.0766,3.278,3.097,0.0157,Chưa đo,"RTF nhanh nhất trong toàn bảng (~2.7x nhanh hơn baseline EXP-02), UTMOS22 thấp hơn HiFi-GAN-family nhưng UTMOSv2 tương đương"
EXP-07,Vocos (small),Giống EXP-06 (Vocos small),vocos_small_run_v5_fixed,epoch=956 (val_loss_mel=19.4717),eval_full_500 test set,0.0705,Không đo (script chỉ đo UTMOS22),3.424,0.0260,Chưa đo,Script eval này chỉ tính UTMOS22 (utmos22_strong model) không tính UTMOSv2 - không nhầm lẫn 2 cột
EXP-08,Vocos (small),Giống EXP-06 (Vocos small),vocos_small_run_v5_fixed,epoch=1203 (val_loss_mel=19.4643),eval_true_testset_500.json,0.0748,3.401,3.406,0.0264,Chưa đo,Điểm giữa của quá trình train - dùng để xem xu hướng hội tụ so với EXP-06/09
EXP-09,Vocos (small),Giống EXP-06 (Vocos small),vocos_small_run_v5_fixed,"last.ckpt - epoch KHÔNG xác định chắc chắn",eval_last_ckpt_500.json,0.0795,3.424,3.456,0.0259,Chưa đo,"Checkpoint ""last.ckpt"" bị training ghi đè SAU khi eval này đã chạy xong (mtime log < mtime ckpt) - epoch thực tế lúc eval không thể xác định lại được, chỉ mang tính tham khảo"
EXP-10,Vocos (small) + F0 conditioning,"+F0Predictor, điều kiện F0 vào decoder (thêm trên nền Vocos small của EXP-06)",vocos_small_f0_test_v2,"epoch=7 (val_loss_mel=19.3850) - RẤT SỚM",eval_vocos_f0_epoch7_500.json,0.0804,3.361,3.210,0.0264,Chưa đo,"Checkpoint quá sớm (epoch 7) - loss_mel gần bằng EXP-06 dù mới train 7 epoch vì fine-tune từ checkpoint Vocos đã hội tụ (không train từ đầu), nhưng F0Predictor/f0_cond mới khởi tạo ngẫu nhiên"
EXP-11,Vocos (small) + F0 conditioning,Giống EXP-10 (+F0),vocos_small_f0_test_v2,"last.ckpt - nhãn ghi ~epoch200 (ƯỚC LƯỢNG của tác giả lúc đó, KHÔNG phải đọc từ checkpoint)",eval_vocos_f0_ep200_500.json,0.0791,3.365,3.301,0.0271,Chưa đo,"Epoch không xác định chắc chắn (ckpt bị ghi đè sau khi eval chạy xong). Log tự in ""Loaded checkpoint at epoch=0"" - nghi là lỗi log (current_epoch chưa được restore trước dòng in), không phải epoch thật"
EXP-12,Vocos (small) + F0 conditioning,Giống EXP-10 (+F0),vocos_small_f0_test_v2,"last.ckpt - nhãn ghi ""most-trained"" nhưng THỰC TẾ chạy TRƯỚC EXP-11 theo thời gian",eval_vocos_f0_last_500.json,0.0837,3.384,3.419,0.0276,Chưa đo,"Tên file gợi ý ""most-trained"" nhưng agent xác nhận checkpoint này được eval SỚM HƠN EXP-11 về mặt thời gian (log mtime 05/09 vs EXP-11 06/09) - tên gây hiểu lầm, không dùng để sắp xếp tiến trình hội tụ"
EXP-13,"MBConv (resblock=""mb"", tuần tự) + expansion=(4,4,1) + MRD","Thay resblock HiFi-GAN bằng khối inverted-residual kiểu MobileNetV2 (Pointwise-expand → Depthwise → Pointwise-project) xếp TUẦN TỰ 2 khối/tầng, expansion giảm dần theo tầng (4,4,1) +MRD",mbconv_441_run_100ep,"epoch=12/100 (val_loss_mel=28.9045) - RẤT SỚM",eval_true_testset_500_baseline.json,0.7354,0.912,Không đo,0.0685,"1.943.424 (đo riêng generator qua test harness, không phải từ log này)","CHƯA HỘI TỤ - mới 12% chặng đường, WER/UTMOS ở đây KHÔNG phản ánh chất lượng cuối cùng. RTF đo trong lúc training vẫn đang chạy song song trên cùng máy (bị nhiễu tài nguyên, xem docs/mbconv_resblock_report.md §7) - không dùng để kết luận tốc độ thật"
EXP-14,"MBConv (resblock=""mb"", tuần tự) + expansion đồng nhất + MRD","Giống EXP-13 nhưng expansion đồng nhất mọi tầng (không giảm dần theo stage như [4,4,1])",mbconv_mrd_run_100ep,epoch=74/100 (val_loss_mel=22.0246),eval_true_testset_500_baseline.json,0.1384,2.685,Không đo,0.1599,Chưa đo,"Cũng chưa hội tụ đầy đủ (74%). RTF chậm nhất trong toàn bảng (expansion đồng nhất = 6 rất tốn chi phí ở tầng cuối T lớn - xem docs/mbconv_resblock_report.md §4) - đây chính là lý do đổi sang per-stage expansion ở EXP-13"
EXP-15,"MRF (resblock=""mrf"", song song kiểu HiFi-GAN thật) expansion=(1,1,1) + MRD","Thay resblock bằng cơ chế MRF THẬT của HiFi-GAN (N nhánh SONG SONG cùng input, cộng rồi chia N) với ResBlockInverted làm nhánh (kernel 3/5/7), expansion=(1,1,1)",mrf_111_run_500ep,"epoch=74/500 (val_loss_mel=22.5779) - RẤT SỚM",eval_true_testset_500_baseline.json,0.2552,2.187,Không đo,0.0546,"1.732.256 (đo riêng generator qua test harness, không phải từ log này)","CHƯA HỘI TỤ - mới 15% chặng đường (500 epoch). WER/UTMOS tệ nhất bảng vì quá sớm, KHÔNG dùng để kết luận MRF kém hơn các hướng khác. Training vẫn đang chạy (best mới nhất đã xuống val_loss_mel=21.83 ở epoch=129, xem docs/mbconv_resblock_report.md). Đo lại eval 500-mẫu khi hội tụ đầy đủ để so sánh công bằng"
